loss,grad_norm,learning_rate,epoch,step,eval_loss,eval_accuracy,eval_f1_macro,eval_runtime,eval_samples_per_second,eval_steps_per_second,train_runtime,train_samples_per_second,train_steps_per_second,total_flos,train_loss
1.6248,8.500849723815918,2.142857142857143e-06,0.14285714285714285,10,,,,,,,,,,,
1.6367,7.518513202667236,4.5238095238095235e-06,0.2857142857142857,20,,,,,,,,,,,
1.5608,8.140183448791504,6.9047619047619055e-06,0.42857142857142855,30,,,,,,,,,,,
1.5886,8.505156517028809,9.285714285714286e-06,0.5714285714285714,40,,,,,,,,,,,
1.4856,8.780360221862793,1.1666666666666668e-05,0.7142857142857143,50,,,,,,,,,,,
1.4861,11.201920509338379,1.4047619047619048e-05,0.8571428571428571,60,,,,,,,,,,,
1.3516,10.475544929504395,1.642857142857143e-05,1.0,70,,,,,,,,,,,
,,,1.0,70,1.2608329057693481,0.6714285714285714,0.661330331901498,3.3095,21.151,10.576,,,,,
1.0718,10.828317642211914,1.880952380952381e-05,1.1428571428571428,80,,,,,,,,,,,
0.9555,10.391693115234375,2.1190476190476193e-05,1.2857142857142856,90,,,,,,,,,,,
0.9104,10.298373222351074,2.357142857142857e-05,1.4285714285714286,100,,,,,,,,,,,
0.8878,12.76130485534668,2.5952380952380957e-05,1.5714285714285714,110,,,,,,,,,,,
0.6653,12.525888442993164,2.8333333333333335e-05,1.7142857142857144,120,,,,,,,,,,,
0.6792,10.15505313873291,3.071428571428572e-05,1.8571428571428572,130,,,,,,,,,,,
0.5023,13.257152557373047,3.309523809523809e-05,2.0,140,,,,,,,,,,,
,,,2.0,140,0.6393794417381287,0.7571428571428571,0.7326013309134906,3.0896,22.657,11.328,,,,,
0.2621,5.322181224822998,3.547619047619048e-05,2.142857142857143,150,,,,,,,,,,,
0.2855,6.73500919342041,3.785714285714286e-05,2.2857142857142856,160,,,,,,,,,,,
0.3784,3.031480073928833,4.023809523809524e-05,2.4285714285714284,170,,,,,,,,,,,
0.1472,23.304569244384766,4.261904761904762e-05,2.571428571428571,180,,,,,,,,,,,
0.3858,19.81187629699707,4.5e-05,2.7142857142857144,190,,,,,,,,,,,
0.2824,18.032695770263672,4.738095238095238e-05,2.857142857142857,200,,,,,,,,,,,
0.3607,6.948973178863525,4.976190476190477e-05,3.0,210,,,,,,,,,,,
,,,3.0,210,0.483978807926178,0.8142857142857143,0.806572249589491,3.0927,22.634,11.317,,,,,
0.0752,0.16346527636051178,4.999720254525684e-05,3.142857142857143,220,,,,,,,,,,,
0.0248,1.2846535444259644,4.9987533135093934e-05,3.2857142857142856,230,,,,,,,,,,,
0.1102,0.370177686214447,4.997095990396411e-05,3.4285714285714284,240,,,,,,,,,,,
0.1021,0.3176221549510956,4.9950144974193364e-05,3.571428571428571,250,,,,,,,,,,,
0.0826,30.256057739257812,4.992046867395478e-05,3.7142857142857144,260,,,,,,,,,,,
0.2926,33.976348876953125,4.988390708203068e-05,3.857142857142857,270,,,,,,,,,,,
0.0728,0.7556451559066772,4.98404703000459e-05,4.0,280,,,,,,,,,,,
,,,4.0,280,0.6366339325904846,0.8285714285714286,0.8263894975589128,3.1469,22.244,11.122,,,,,
0.214,0.04776608571410179,4.9790170329175754e-05,4.142857142857143,290,,,,,,,,,,,
0.042,14.506745338439941,4.973302106683029e-05,4.285714285714286,300,,,,,,,,,,,
0.0255,0.12104535847902298,4.966903830281449e-05,4.428571428571429,310,,,,,,,,,,,
0.1487,0.05464952439069748,4.959823971496574e-05,4.571428571428571,320,,,,,,,,,,,
0.0093,0.07593506574630737,4.952064486426965e-05,4.714285714285714,330,,,,,,,,,,,
0.0146,7.281596660614014,4.943627518945543e-05,4.857142857142857,340,,,,,,,,,,,
0.0202,0.05425967276096344,4.934515400107266e-05,5.0,350,,,,,,,,,,,
,,,5.0,350,0.45198702812194824,0.9,0.8993821471240826,3.0821,22.711,11.356,,,,,
0.1238,0.33700162172317505,4.924730647505078e-05,5.142857142857143,360,,,,,,,,,,,
0.004,0.6601186990737915,4.91427596457432e-05,5.285714285714286,370,,,,,,,,,,,
0.0072,0.09394623339176178,4.9031542398457974e-05,5.428571428571429,380,,,,,,,,,,,
0.0038,0.018526412546634674,4.8913685461477066e-05,5.571428571428571,390,,,,,,,,,,,
0.0047,3.7367680072784424,4.878922139756641e-05,5.714285714285714,400,,,,,,,,,,,
0.0054,0.02083105407655239,4.865818459497911e-05,5.857142857142857,410,,,,,,,,,,,
0.0037,0.061808992177248,4.852061125795431e-05,6.0,420,,,,,,,,,,,
,,,6.0,420,0.6521123647689819,0.8571428571428571,0.8578574937195625,3.0936,22.627,11.314,,,,,
0.1554,0.07670260965824127,4.837653939671427e-05,6.142857142857143,430,,,,,,,,,,,
0.0014,0.052765969187021255,4.822600881696256e-05,6.285714285714286,440,,,,,,,,,,,
0.0011,0.01832658424973488,4.806906110888606e-05,6.428571428571429,450,,,,,,,,,,,
0.074,0.15395799279212952,4.7905739635663984e-05,6.571428571428571,460,,,,,,,,,,,
0.0013,0.18152059614658356,4.773608952148706e-05,6.714285714285714,470,,,,,,,,,,,
0.001,0.06356442719697952,4.756015763909014e-05,6.857142857142857,480,,,,,,,,,,,
0.0013,0.01848507858812809,4.737799259680172e-05,7.0,490,,,,,,,,,,,
,,,7.0,490,0.46820107102394104,0.9,0.900181325698567,3.0531,22.927,11.464,,,,,
0.0131,0.020749332383275032,4.718964472511386e-05,7.142857142857143,500,,,,,,,,,,,
0.0007,0.010825364850461483,4.699516606277638e-05,7.285714285714286,510,,,,,,,,,,,
0.0008,0.010361691005527973,4.679461034241906e-05,7.428571428571429,520,,,,,,,,,,,
0.0007,0.024716438725590706,4.658803297570577e-05,7.571428571428571,530,,,,,,,,,,,
0.0023,0.013905428349971771,4.6375491038024785e-05,7.714285714285714,540,,,,,,,,,,,
0.0016,0.018608035519719124,4.615704325271937e-05,7.857142857142857,550,,,,,,,,,,,
0.0008,0.014427429996430874,4.593274997486309e-05,8.0,560,,,,,,,,,,,
,,,8.0,560,0.6376082897186279,0.8428571428571429,0.8439323211292065,3.1244,22.404,11.202,,,,,
0.0006,0.013607298023998737,4.570267317458423e-05,8.142857142857142,570,,,,,,,,,,,
0.0007,0.02773226425051689,4.546687641994409e-05,8.285714285714286,580,,,,,,,,,,,
0.0007,0.0533820241689682,4.522542485937369e-05,8.428571428571429,590,,,,,,,,,,,
0.0015,0.007790362928062677,4.4978385203673845e-05,8.571428571428571,600,,,,,,,,,,,
0.0014,0.0131975207477808,4.472582570758367e-05,8.714285714285714,610,,,,,,,,,,,
0.0014,0.27623602747917175,4.446781615092235e-05,8.857142857142858,620,,,,,,,,,,,
0.0006,0.009255078621208668,4.42044278193097e-05,9.0,630,,,,,,,,,,,
,,,9.0,630,0.5825884938240051,0.8714285714285714,0.869117089806745,3.0798,22.729,11.364,,,,,
0.001,0.007040053606033325,4.393573348447059e-05,9.142857142857142,640,,,,,,,,,,,
0.0005,0.015894845128059387,4.366180738412876e-05,9.285714285714286,650,,,,,,,,,,,
0.0006,0.012994793243706226,4.3382725201495723e-05,9.428571428571429,660,,,,,,,,,,,
0.0006,0.013523377478122711,4.309856404436012e-05,9.571428571428571,670,,,,,,,,,,,
0.0004,0.008229470811784267,4.2809402423783624e-05,9.714285714285714,680,,,,,,,,,,,
0.0005,0.024008164182305336,4.251532023240901e-05,9.857142857142858,690,,,,,,,,,,,
0.0004,0.008118587546050549,4.221639872238662e-05,10.0,700,,,,,,,,,,,
,,,10.0,700,0.5551960468292236,0.8857142857142857,0.8846001730317639,3.1711,22.074,11.037,,,,,
0.0003,0.004586236551403999,4.191272048292513e-05,10.142857142857142,710,,,,,,,,,,,
0.0004,0.005628008395433426,4.160436941747293e-05,10.285714285714286,720,,,,,,,,,,,
0.0003,0.009971953928470612,4.129143072053638e-05,10.428571428571429,730,,,,,,,,,,,
0.0004,0.007487051654607058,4.09739908541414e-05,10.571428571428571,740,,,,,,,,,,,
0.0003,0.0044035459868609905,4.065213752394478e-05,10.714285714285714,750,,,,,,,,,,,
0.0007,0.008009353652596474,4.032595965500195e-05,10.857142857142858,760,,,,,,,,,,,
0.0003,0.005146494600921869,3.9995547367197845e-05,11.0,770,,,,,,,,,,,
,,,11.0,770,0.5339038968086243,0.8857142857142857,0.8843854995579135,3.1455,22.254,11.127,,,,,
0.0005,0.047539301216602325,3.9660991950347576e-05,11.142857142857142,780,,,,,,,,,,,
0.0003,0.00648893928155303,3.932238583897395e-05,11.285714285714286,790,,,,,,,,,,,
0.0003,0.009825889021158218,3.897982258676867e-05,11.428571428571429,800,,,,,,,,,,,
0.0003,0.004364854656159878,3.863339684074432e-05,11.571428571428571,810,,,,,,,,,,,
0.0003,0.0059961918741464615,3.828320431508429e-05,11.714285714285714,820,,,,,,,,,,,
0.0003,0.014391833916306496,3.7929341764697816e-05,11.857142857142858,830,,,,,,,,,,,
0.0003,0.005619840230792761,3.7571906958487584e-05,12.0,840,,,,,,,,,,,
,,,12.0,840,0.546933114528656,0.9,0.8987941017084511,3.1414,22.283,11.141,,,,,
0.0003,0.00468969251960516,3.721099865233701e-05,12.142857142857142,850,,,,,,,,,,,
0.0003,0.004923166241496801,3.6846716561824965e-05,12.285714285714286,860,,,,,,,,,,,
0.0003,0.004851629491895437,3.6479161334675296e-05,12.428571428571429,870,,,,,,,,,,,
0.0002,0.008438457734882832,3.610843452294877e-05,12.571428571428571,880,,,,,,,,,,,
0.0003,0.003779622260481119,3.5734638554985236e-05,12.714285714285714,890,,,,,,,,,,,
0.0003,0.00499358493834734,3.5357876707103596e-05,12.857142857142858,900,,,,,,,,,,,
0.0003,0.00447866041213274,3.497825307506758e-05,13.0,910,,,,,,,,,,,
,,,13.0,910,0.5519629120826721,0.9,0.8987941017084511,3.1101,22.508,11.254,,,,,
0.0003,0.0038260247092694044,3.459587254532502e-05,13.142857142857142,920,,,,,,,,,,,
0.0002,0.0047478205524384975,3.421084076602867e-05,13.285714285714286,930,,,,,,,,,,,
0.0002,0.003418842563405633,3.382326411784672e-05,13.428571428571429,940,,,,,,,,,,,
0.0003,0.006880287081003189,3.343324968457076e-05,13.571428571428571,950,,,,,,,,,,,
0.0002,0.006193115375936031,3.304090522352946e-05,13.714285714285714,960,,,,,,,,,,,
0.0002,0.005335432942956686,3.2646339135816386e-05,13.857142857142858,970,,,,,,,,,,,
0.0002,0.003659874200820923,3.224966043633966e-05,14.0,980,,,,,,,,,,,
,,,14.0,980,0.5480327010154724,0.9,0.8987941017084511,3.1502,22.22,11.11,,,,,
,,,14.0,980,,,,,,,315.3232,26.639,6.66,4.884703874659123e+18,0.20582260063716343
,,,14.0,980,0.46820107102394104,0.9,0.900181325698567,3.8201,18.324,9.162,,,,,
